п»їproduct_id,review_title,description,author,rating,date,pros,cons,author_profession,author_industry,author_duration
saturn_cloud,Exceptional Cloud GPU Service,"Overall, this cloud GPU service has become an indispensable tool in my toolkit. It has greatly enhanced the efficiency and speed of my projects, and I wholeheartedly recommend it to anyone in need of reliable and powerful GPU resources in the cloud.",Quoc-Bao N.,5.0,"December 9, 2023","I've been using this cloud GPU service for several months now, and it has consistently exceeded my expectations. The performance is top-notch, providing a seamless experience for resource-intensive tasks like machine learning and data analysis. The service offers a variety of GPU types to choose from, allowing me to tailor my computing power to the specific needs of my workloads. One of the standout features is the reliability and uptime. I've experienced minimal downtime, and the customer support team has been incredibly responsive and helpful whenever I've had inquiries or needed assistance. The pricing model is transparent and competitive, offering flexibility for both small-scale projects and larger, resource-intensive tasks. The ease of integration with popular frameworks and libraries has streamlined my workflow significantly.","The user interface is unnecessarily complex, making navigation and configuration more challenging than necessary.",Senior Software Engineer,Information Technology and Services,Used the software for: Less than 6 months
saturn_cloud,Saturn Cloud is the Best.,"I find Saturn Cloud to be a powerful and reliable platform for my data science needs. Its user-friendly interface, powerful computing capabilities, and collaborative features make it a top choice for me and many other data science teams.",Cyrille Mesue N.,5.0,"March 14, 2023","Saturn Cloud is a data science platform that offers several advantages for data scientists and engineers. One of the key benefits of the platform is its user-friendly interface, which makes it easy for beginners to get started with data science projects. In addition, Saturn Cloud provides access to scalable computing resources that can be easily adjusted based on project needs, enabling users to leverage high-performance computing resources for their workloads.","While there is a free tier available on Saturn Cloud, it is limited in terms of computing resources and features.",Data Scientist,Biotechnology,Used the software for: 6-12 months
saturn_cloud,Amazing !,I began with Saturn Cloud roughly 9 months ago and since I use it regularly,Lana L.,4.0,"March 21, 2023",I really like to use Saturn Cloud because it helps me every day im my work. It's very easy to use and it's the must !,I have never had any problems with Saturn Cloud.,Student,Research,Used the software for: 6-12 months
saturn_cloud,Used via MLzoomcamp: 30 hours free every month!,,Gregory M.,5.0,"February 5, 2023","Overall, Saturn cloud is an excellent option beyond other free options such as Google Colab or Kaggle. * 30 hrs is more than enough for any learner or small project.* Connects to GitHub (and other sources)* Lots of tutorials on YouTube* Pro is affordable at $20 a month","Connecting Saturn Cloud to GitHub does require a good understanding of Github, this can be frustrating for someone new to machine learning. A link to the appropriate GitHub (or other resources) within the referenced documentation would be helpful. Or a link to a Saturn cloud YouTube playlist.",Student,Computer Software,Used the software for: 6-12 months
saturn_cloud,SaturnCloud is the one of the best,,Atakan Гњ.,4.0,"May 5, 2023","Saturn Cloud offers several key features that make it an appealing platform for data scientists and machine learning engineers. The platform's scalability allows users to easily handle large and complex workloads, while its user-friendly interface and tools simplify the process of deploying and managing data science workflows.","One of the weaknesses of SaturnCloud is that sometimes when you run a long time code and try to save the results, it runs the code for like 20 hours but does not save it.",Student,Education Management,Used the software for: 1-2 years
saturn_cloud,Absolutely Amazing Software for Data Science and ML,Amazing will use again and again,Arjun W.,5.0,"July 16, 2023",The easy of use and deployment. I like that you can instantly start with any preconfigured Python environment immidiately and not just that you can share those environements with your team so they can also start working on the project instantly,Can get a bit expensive but their customer support always gives out great perks,Quant Strategist,Financial Services,Used the software for: 6-12 months
saturn_cloud,Great for students [Reviewed by Bhautik Bavadiya],,Bhautik B.,4.0,"October 14, 2023",Free Hours without CardвЂЋп»ївЂЋп»ївЂЋп»ївЂЋп»ївЂЋп»ївЂЋп»ївЂЋп»ївЂЋп»ївЂЋп»ївЂЋп»ївЂЋп»ївЂЋп»ївЂЋп»ївЂЋп»ївЂЋп»ївЂЋп»ївЂЋп»ївЂЋп»ївЂЋп»ївЂЋп»ївЂЋп»ївЂЋп»ївЂЋп»ївЂЋп»ївЂЋп»ївЂЋп»ївЂЋп»ївЂЋп»ївЂЋп»ївЂЋп»ївЂЋп»ївЂЋп»ївЂЋп»ївЂЋп»ївЂЋп»ївЂЋп»ївЂЋп»ївЂЋп»ївЂЋп»ївЂЋп»ївЂЋп»ївЂЋп»ївЂЋп»ївЂЋп»ївЂЋп»ївЂЋп»ївЂЋп»ївЂЋп»ївЂЋп»ївЂЋп»ївЂЋп»ївЂЋп»ївЂЋп»ївЂЋп»ївЂЋп»ївЂЋп»ївЂЋп»ївЂЋп»ївЂЋп»ївЂЋп»ївЂЋп»ївЂЋп»ївЂЋп»ївЂЋп»ївЂЋп»ївЂЋп»ївЂЋп»ївЂЋп»ївЂЋп»ївЂЋп»ївЂЋп»ївЂЋп»ївЂЋп»ївЂЋп»ївЂЋп»ївЂЋп»ївЂЋп»ївЂЋп»ївЂЋп»ївЂЋп»ївЂЋп»ївЂЋп»ївЂЋп»ївЂЋп»ївЂЋп»ївЂЋп»ївЂЋп»ївЂЋп»ївЂЋп»ївЂЋп»ївЂЋп»ївЂЋп»ївЂЋп»ївЂЋп»ївЂЋп»ївЂЋп»ївЂЋп»ївЂЋп»ївЂЋп»ївЂЋп»ївЂЋп»ївЂЋп»ївЂЋп»ївЂЋп»ївЂЋп»ївЂЋп»ївЂЋп»ївЂЋп»ївЂЋп»ївЂЋп»ївЂЋп»ївЂЋп»ївЂЋп»ївЂЋп»ївЂЋп»ївЂЋп»ївЂЋп»ївЂЋп»ївЂЋп»ївЂЋп»ївЂЋп»ївЂЋп»ївЂЋп»ївЂЋп»ївЂЋп»ївЂЋп»ївЂЋп»ївЂЋп»ївЂЋп»ївЂЋп»ївЂЋп»ївЂЋп»ївЂЋп»ївЂЋп»ївЂЋп»ївЂЋп»ївЂЋп»ївЂЋп»ївЂЋп»ївЂЋп»ївЂЋп»ївЂЋп»ївЂЋ,noneвЂЋп»ївЂЋп»ївЂЋп»ївЂЋп»ївЂЋп»ївЂЋп»ївЂЋп»ївЂЋп»ївЂЋп»ївЂЋп»ївЂЋп»ївЂЋп»ївЂЋп»ївЂЋп»ївЂЋп»ївЂЋп»ївЂЋп»ївЂЋп»ївЂЋп»ївЂЋп»ївЂЋп»ївЂЋп»ївЂЋп»ївЂЋп»ївЂЋп»ївЂЋп»ївЂЋп»ївЂЋп»ївЂЋп»ївЂЋп»ївЂЋп»ївЂЋп»ївЂЋп»ївЂЋп»ївЂЋп»ївЂЋп»ївЂЋп»ївЂЋп»ївЂЋп»ївЂЋп»ївЂЋп»ївЂЋп»ївЂЋп»ївЂЋп»ївЂЋп»ївЂЋп»ївЂЋп»ївЂЋп»ївЂЋп»ївЂЋп»ївЂЋп»ївЂЋп»ївЂЋп»ївЂЋп»ївЂЋп»ївЂЋп»ївЂЋп»ївЂЋп»ївЂЋп»ївЂЋп»ївЂЋп»ївЂЋп»ївЂЋп»ївЂЋп»ївЂЋп»ївЂЋп»ївЂЋп»ївЂЋп»ївЂЋп»ївЂЋп»ївЂЋп»ївЂЋп»ївЂЋп»ївЂЋп»ївЂЋп»ївЂЋп»ївЂЋп»ївЂЋп»ївЂЋп»ївЂЋп»ївЂЋп»ївЂЋп»ївЂЋп»ївЂЋп»ївЂЋп»ївЂЋп»ївЂЋп»ївЂЋп»ївЂЋп»ївЂЋп»ївЂЋп»ївЂЋп»ївЂЋп»ївЂЋп»ївЂЋп»ївЂЋп»ївЂЋп»ївЂЋп»ївЂЋп»ївЂЋп»ївЂЋп»ївЂЋп»ївЂЋп»ївЂЋп»ївЂЋп»ївЂЋп»ївЂЋп»ївЂЋп»ївЂЋп»ївЂЋп»ївЂЋп»ївЂЋп»ївЂЋп»ївЂЋп»ївЂЋп»ївЂЋп»ївЂЋп»ївЂЋп»ївЂЋп»ївЂЋп»ївЂЋп»ївЂЋп»ївЂЋп»ївЂЋп»ївЂЋп»ївЂЋп»ївЂЋп»ївЂЋп»ївЂЋп»ївЂЋп»ївЂЋп»ївЂЋп»ївЂЋп»ївЂЋп»ївЂЋп»ївЂЋп»ївЂЋп»ївЂЋп»ївЂЋп»ївЂЋп»ївЂЋп»ївЂЋп»ївЂЋ,Founder and CEO,Information Technology and Services,Used the software for: I used a free trial
saturn_cloud,An Invaluable Tool for Model training and Streamlining Data Science Workflows,,Abhay K.,5.0,"October 2, 2023","I mainly use this site to train my LORA and models for stable diffusion to create images from text. .Saturn Cloud has transformed my data science journey. It simplifies my workflow, grants quick access to my preferred tools, and effortlessly scales as needed.",Nothing specific so far.i have been using Saturn cloud for about 6 months now and everything working perfect for me.,developer,Computer Software,Used the software for: Less than 6 months
saturn_cloud,Reviewing Saturn Cloud,Machine learning modelspython scriptingdata analysis,Andreas A.,5.0,"March 7, 2023",free high cpu gb ram usagebetter performancepython and r server freehosting app,gpu ram usagedoes not have scala server or another java based server,Data Analyst,Education Management,Used the software for: 6-12 months
saturn_cloud,Incredibly fast and versatile choice of libraries and infrastructure,Overall I have always been satisfied with the CPUs Saturn Cloud provides in free spirit.,Linh Chi N.,5.0,"March 11, 2023","It is lightning fast in training machine learning models. No matter whether you are an academic researcher or you are an industry worker, if you can iterate your models quick, you gain a huge advantage over your competitors.",maybe more python libraries (like spicy?) It would help a lot.,AI/ML engineer,Information Technology and Services,Used the software for: I used a free trial
saturn_cloud,Best cloud service so far,"Really happy, the easiest way to get a GPU and start working",Michele T.,5.0,"December 12, 2022","up and running with a jupyter notebook in a. few clicks, easy to use and lots of computing power",It would be useful to have more specification for the machine,Bioinformatician,Biotechnology,Used the software for: 1-2 years
