name,price,rating
A Light in the Attic,Â£51.77,Three
Tipping the Velvet,Â£53.74,One
Soumission,Â£50.10,One
Sharp Objects,Â£47.82,Four
Sapiens: A Brief History of Humankind,Â£54.23,Five
The Requiem Red,Â£22.65,One
The Dirty Little Secrets of Getting Your Dream Job,Â£33.34,Four
"The Coming Woman: A Novel Based on the Life of the Infamous Feminist, Victoria Woodhull",Â£17.93,Three
The Boys in the Boat: Nine Americans and Their Epic Quest for Gold at the 1936 Berlin Olympics,Â£22.60,Four
The Black Maria,Â£52.15,One
"Starving Hearts (Triangular Trade Trilogy, #1)",Â£13.99,Two
Shakespeare's Sonnets,Â£20.66,Four
Set Me Free,Â£17.46,Five
Scott Pilgrim's Precious Little Life (Scott Pilgrim #1),Â£52.29,Five
Rip it Up and Start Again,Â£35.02,Five
"Our Band Could Be Your Life: Scenes from the American Indie Underground, 1981-1991",Â£57.25,Three
Olio,Â£23.88,One
Mesaerion: The Best Science Fiction Stories 1800-1849,Â£37.59,One
Libertarianism for Beginners,Â£51.33,Two
It's Only the Himalayas,Â£45.17,Two
In Her Wake,Â£12.84,One
How Music Works,Â£37.32,Two
"Foolproof Preserving: A Guide to Small Batch Jams, Jellies, Pickles, Condiments, and More: A Foolproof Guide to Making Small Batch Jams, Jellies, Pickles, Condiments, and More",Â£30.52,Three
Chase Me (Paris Nights #2),Â£25.27,Five
Black Dust,Â£34.53,Five
Birdsong: A Story in Pictures,Â£54.64,Three
America's Cradle of Quarterbacks: Western Pennsylvania's Football Factory from Johnny Unitas to Joe Montana,Â£22.50,Three
Aladdin and His Wonderful Lamp,Â£53.13,Three
Worlds Elsewhere: Journeys Around Shakespeareâs Globe,Â£40.30,Five
Wall and Piece,Â£44.18,Four
The Four Agreements: A Practical Guide to Personal Freedom,Â£17.66,Five
The Five Love Languages: How to Express Heartfelt Commitment to Your Mate,Â£31.05,Three
The Elephant Tree,Â£23.82,Five
The Bear and the Piano,Â£36.89,One
Sophie's World,Â£15.94,Five
Penny Maybe,Â£33.29,Three
Maude (1883-1993):She Grew Up with the country,Â£18.02,Two
"In a Dark, Dark Wood",Â£19.63,One
Behind Closed Doors,Â£52.22,Four
You can't bury them all: Poems,Â£33.63,Two
Slow States of Collapse: Poems,Â£57.31,Three
Reasons to Stay Alive,Â£26.41,Two
Private Paris (Private #10),Â£47.61,Five
#HigherSelfie: Wake Up Your Life. Free Your Soul. Find Your Tribe.,Â£23.11,Five
Without Borders (Wanderlove #1),Â£45.07,Two
When We Collided,Â£31.77,One
"We Love You, Charlie Freeman",Â£50.27,Five
Untitled Collection: Sabbath Poems 2014,Â£14.27,Four
"Unseen City: The Majesty of Pigeons, the Discreet Charm of Snails & Other Wonders of the Urban Wilderness",Â£44.18,Four
Unicorn Tracks,Â£18.78,Three
"Unbound: How Eight Technologies Made Us Human, Transformed Society, and Brought Our World to the Brink",Â£25.52,One
Tsubasa: WoRLD CHRoNiCLE 2 (Tsubasa WoRLD CHRoNiCLE #2),Â£16.28,One
Throwing Rocks at the Google Bus: How Growth Became the Enemy of Prosperity,Â£31.12,Three
This One Summer,Â£19.49,Four
Thirst,Â£17.27,Five
The Torch Is Passed: A Harding Family Story,Â£19.09,One
The Secret of Dreadwillow Carse,Â£56.13,One
"The Pioneer Woman Cooks: Dinnertime: Comfort Classics, Freezer Food, 16-Minute Meals, and Other Delicious Ways to Solve Supper!",Â£56.41,One
The Past Never Ends,Â£56.50,Four
The Natural History of Us (The Fine Art of Pretending #2),Â£45.22,Three
The Nameless City (The Nameless City #1),Â£38.16,Four
The Murder That Never Was (Forensic Instincts #5),Â£54.11,Three
The Most Perfect Thing: Inside (and Outside) a Bird's Egg,Â£42.96,Four
"The Mindfulness and Acceptance Workbook for Anxiety: A Guide to Breaking Free from Anxiety, Phobias, and Worry Using Acceptance and Commitment Therapy",Â£23.89,Four
The Life-Changing Magic of Tidying Up: The Japanese Art of Decluttering and Organizing,Â£16.77,Three
"The Inefficiency Assassin: Time Management Tactics for Working Smarter, Not Longer",Â£20.59,Five
The Gutsy Girl: Escapades for Your Life of Epic Adventure,Â£37.13,One
The Electric Pencil: Drawings from Inside State Hospital No. 3,Â£56.06,One
The Death of Humanity: and the Case for Life,Â£58.11,Four
"The Bulletproof Diet: Lose up to a Pound a Day, Reclaim Energy and Focus, Upgrade Your Life",Â£49.05,Three
The Art Forger,Â£40.76,Three
The Age of Genius: The Seventeenth Century and the Birth of the Modern Mind,Â£19.73,One
The Activist's Tao Te Ching: Ancient Advice for a Modern Revolution,Â£32.24,Five
Spark Joy: An Illustrated Master Class on the Art of Organizing and Tidying Up,Â£41.83,Four
Soul Reader,Â£39.58,Two
Security,Â£39.25,Two
"Saga, Volume 6 (Saga (Collected Editions) #6)",Â£25.02,Three
"Saga, Volume 5 (Saga (Collected Editions) #5)",Â£51.04,Two
Reskilling America: Learning to Labor in the Twenty-First Century,Â£19.83,Two
"Rat Queens, Vol. 3: Demons (Rat Queens (Collected Editions) #11-15)",Â£50.40,Three
