Role,Company,Location,Posted Time
"Software Engineer - Java, Spring Boot and Microservices",Apple,"Bengaluru, Karnataka, India",1 month ago
"Software Engineer - Java, Spring Boot and Microservices",Apple,"Hyderabad, Telangana, India",1 month ago
Java,Infosys,"Bengaluru East, Karnataka, India",1 week ago
Java Software Engineer,Deloitte,"Bengaluru, Karnataka, India",2 weeks ago
Jr. Java Developer,Persistent Systems,"Pune District, Maharashtra, India",4 weeks ago
Junior Engineer - Java,Hotelogix,"Bengaluru, Karnataka, India",1 year ago
Java Developer,Infosys,"Bengaluru East, Karnataka, India",1 week ago
Java Developer,Infosys,"Pune District, Maharashtra, India",10 months ago
Java Software Engineer,Infosys,"Bengaluru, Karnataka, India",2 months ago
Executive - Java Backend,KPMG India,"Bengaluru, Karnataka, India",3 months ago
